Image,Class
image6245.jpg,Attire
image10409.jpg,Food
image8692.jpg,Food
image10517.jpg,Food
image2580.jpg,Food
image848.jpg,Food
image1232.jpg,Food
image8386.jpg,Food
image9828.jpg,Attire
image9033.jpg,Attire
image2857.jpg,Food
image7838.jpg,Food
image6337.jpg,Food
image3608.jpg,Food
image9190.jpg,Food
image8586.jpg,Food
image8140.jpg,Food
image8208.jpg,Food
image1052.jpg,Food
image3926.jpg,Attire
image3726.jpg,Attire
image1491.jpg,Food
image1572.jpg,Food
image3925.jpg,Food
image4858.jpg,Food
image1498.jpg,Attire
image6432.jpg,Food
image6175.jpg,Food
image4756.jpg,Food
image9174.jpg,Food
image7285.jpg,Food
image5797.jpg,Food
image3666.jpg,Attire
image5597.jpg,Food
image5663.jpg,Attire
image9985.jpg,Food
image7108.jpg,Attire
image3064.jpg,Food
image1781.jpg,Food
image9617.jpg,Food
image7924.jpg,Food
image5861.jpg,Food
image4276.jpg,Attire
image7252.jpg,Attire
image5331.jpg,Food
image8666.jpg,Food
image5984.jpg,Attire
image401.jpg,Food
image3483.jpg,Food
image10088.jpg,Food
image6596.jpg,Food
image318.jpg,Attire
image802.jpg,Food
image6218.jpg,Food
image4565.jpg,Attire
image37.jpg,Food
image2372.jpg,Food
image7920.jpg,Attire
image3571.jpg,Food
image5368.jpg,Food
image753.jpg,Food
image10123.jpg,Food
image2107.jpg,Food
image1871.jpg,Food
image2731.jpg,Food
image10828.jpg,Attire
image217.jpg,Food
image10788.jpg,Food
image8563.jpg,Food
image5125.jpg,Food
image2719.jpg,Food
image6911.jpg,Attire
image9095.jpg,Food
image5207.jpg,Food
image7478.jpg,Food
image7776.jpg,Food
image3644.jpg,Attire
image8224.jpg,Food
image2565.jpg,Food
image6160.jpg,Food
image2524.jpg,Food
image1722.jpg,Attire
image8457.jpg,Food
image8578.jpg,Attire
image1954.jpg,Food
image7643.jpg,Food
image7714.jpg,Food
image307.jpg,Food
image1341.jpg,Food
image8686.jpg,Food
image7887.jpg,Food
image3274.jpg,Attire
image1426.jpg,Attire
image845.jpg,Attire
image1549.jpg,Food
image3503.jpg,Food
image2252.jpg,Attire
image2767.jpg,Food
image10562.jpg,Food
image7268.jpg,Food
image9060.jpg,Food
image7529.jpg,Attire
image3923.jpg,Attire
image6891.jpg,Attire
image5590.jpg,Food
image4302.jpg,Attire
image9905.jpg,Food
image3328.jpg,Attire
image9614.jpg,Attire
image1666.jpg,Food
image1795.jpg,Food
image2928.jpg,Food
image9002.jpg,Food
image3621.jpg,Food
image4196.jpg,Food
image10143.jpg,Food
image9736.jpg,Food
image8658.jpg,Attire
image7313.jpg,Food
image3422.jpg,Food
image9391.jpg,Food
image7732.jpg,Food
image9951.jpg,Food
image9627.jpg,Attire
image5146.jpg,Food
image8480.jpg,Attire
image1460.jpg,Food
image8731.jpg,Food
image6637.jpg,Attire
image3194.jpg,Food
image9157.jpg,Food
image5073.jpg,Attire
image6354.jpg,Attire
image7809.jpg,Food
image9849.jpg,Food
image9965.jpg,Food
image7334.jpg,Attire
image2284.jpg,Attire
image5644.jpg,Food
image9675.jpg,Attire
image2866.jpg,Food
image6954.jpg,Attire
image5395.jpg,Food
image9619.jpg,Food
image8834.jpg,Food
image6991.jpg,Attire
image8762.jpg,Attire
image5474.jpg,Food
image8691.jpg,Food
image7879.jpg,Food
image6092.jpg,Food
image8918.jpg,Food
image7682.jpg,Food
image6034.jpg,Food
image9572.jpg,Food
image4291.jpg,Food
image10625.jpg,Food
image7913.jpg,Food
image8135.jpg,Food
image10242.jpg,Food
image7844.jpg,Food
image7795.jpg,Food
image7694.jpg,Decorationandsignage
image3760.jpg,Food
image7889.jpg,Food
image528.jpg,Food
image4611.jpg,Food
image6782.jpg,Attire
image2964.jpg,Attire
image2054.jpg,Food
image7256.jpg,Attire
image4101.jpg,Food
image7368.jpg,Food
image476.jpg,Food
image3695.jpg,Food
image7845.jpg,Food
image3256.jpg,Food
image7168.jpg,Food
image9061.jpg,Food
image3908.jpg,Food
image7595.jpg,Food
image3883.jpg,Food
image4839.jpg,Food
image1152.jpg,Food
image393.jpg,Food
image675.jpg,Attire
image7312.jpg,Food
image8410.jpg,Attire
image9789.jpg,Food
image2595.jpg,Food
image9221.jpg,Food
image7929.jpg,Food
image9492.jpg,Attire
image9388.jpg,Food
image10433.jpg,Food
image5595.jpg,Food
image7434.jpg,Food
image9362.jpg,Food
image9346.jpg,Attire
image6659.jpg,Attire
image7576.jpg,Food
image2759.jpg,Food
image1512.jpg,Food
image8242.jpg,Food
image2432.jpg,Attire
image1361.jpg,Food
image2091.jpg,Food
image6581.jpg,Food
image5385.jpg,Food
image2435.jpg,Food
image3085.jpg,Food
image9244.jpg,Attire
image5102.jpg,Attire
image3063.jpg,Food
image6467.jpg,Food
image4918.jpg,Attire
image578.jpg,Food
image7939.jpg,Food
image5248.jpg,Food
image4645.jpg,Attire
image10859.jpg,Food
image7742.jpg,Food
image10366.jpg,Attire
image9765.jpg,Food
image9238.jpg,Food
image7857.jpg,Food
image1240.jpg,Food
image8123.jpg,Food
image10304.jpg,Attire
image4722.jpg,Food
image6515.jpg,Attire
image7727.jpg,Attire
image5253.jpg,Food
image8843.jpg,Food
image9996.jpg,Attire
image3671.jpg,Food
image5477.jpg,Attire
image8049.jpg,Food
image3948.jpg,Food
image2938.jpg,Attire
image974.jpg,Food
image4635.jpg,Food
image4113.jpg,Food
image4811.jpg,Food
image6062.jpg,Attire
image2823.jpg,Food
image9168.jpg,Food
image2149.jpg,Food
image6237.jpg,Food
image5350.jpg,Attire
image10166.jpg,Food
image1603.jpg,Food
image3198.jpg,Food
image5806.jpg,Attire
image8601.jpg,Food
image4070.jpg,Attire
image7146.jpg,Food
image8820.jpg,Food
image6830.jpg,Food
image7457.jpg,Food
image917.jpg,Food
image8878.jpg,Food
image2894.jpg,Attire
image8755.jpg,Attire
image8217.jpg,Food
image10292.jpg,Food
image9911.jpg,Attire
image4697.jpg,Food
image9786.jpg,Food
image5355.jpg,Food
image3001.jpg,Attire
image7922.jpg,Food
image3850.jpg,Food
image2773.jpg,Food
image9296.jpg,Food
image9654.jpg,Food
image5958.jpg,Attire
image7994.jpg,Food
image10700.jpg,Food
image4791.jpg,Attire
image9423.jpg,Attire
image4984.jpg,Food
image8742.jpg,Food
image3227.jpg,Food
image1121.jpg,Attire
image9557.jpg,Attire
image5867.jpg,Food
image7264.jpg,Food
image82.jpg,Food
image2226.jpg,Food
image6487.jpg,Attire
image1202.jpg,Food
image2465.jpg,Attire
image3124.jpg,Food
image10201.jpg,Attire
image457.jpg,Food
image9449.jpg,Food
image3653.jpg,Food
image4375.jpg,Attire
image8980.jpg,Food
image2292.jpg,Food
image4513.jpg,Food
image8710.jpg,Food
image5016.jpg,Food
image9748.jpg,Food
image5256.jpg,Food
image8312.jpg,Food
image5632.jpg,Attire
image8105.jpg,Food
image1284.jpg,Food
image7303.jpg,Attire
image282.jpg,Food
image9112.jpg,Attire
image597.jpg,Food
image3566.jpg,Food
image5083.jpg,Food
image9746.jpg,Attire
image10072.jpg,Food
image1318.jpg,Food
image5213.jpg,Attire
image5362.jpg,Attire
image5234.jpg,Attire
image7247.jpg,Food
image6125.jpg,Attire
image4569.jpg,Attire
image9010.jpg,Food
image2279.jpg,Food
image7412.jpg,Attire
image6559.jpg,Food
image455.jpg,Attire
image8894.jpg,Food
image3367.jpg,Food
image5736.jpg,Food
image350.jpg,Food
image5057.jpg,Attire
image3625.jpg,Attire
image1920.jpg,Food
image6692.jpg,Food
image114.jpg,Food
image7115.jpg,Food
image7435.jpg,Food
image736.jpg,Food
image1053.jpg,Food
image6728.jpg,Food
image8227.jpg,Attire
image7719.jpg,Food
image5621.jpg,Food
image2428.jpg,Food
image389.jpg,Attire
image10491.jpg,Food
image10780.jpg,Food
image8024.jpg,Food
image9249.jpg,Food
image5716.jpg,Food
image3437.jpg,Food
image6943.jpg,Food
image10739.jpg,Attire
image3472.jpg,Food
image10486.jpg,Food
image5783.jpg,Food
image10164.jpg,Food
image3996.jpg,Attire
image6422.jpg,Food
image8232.jpg,Food
image1902.jpg,Food
image8672.jpg,Attire
image1410.jpg,Food
image10408.jpg,Food
image10114.jpg,Food
image1330.jpg,Food
image10314.jpg,Food
image7304.jpg,Food
image10219.jpg,Food
image1964.jpg,Attire
image6242.jpg,Attire
image6869.jpg,Attire
image1247.jpg,Attire
image4278.jpg,Food
image4481.jpg,Food
image7815.jpg,Food
image2876.jpg,Food
image8673.jpg,Food
image1385.jpg,Food
image1961.jpg,Food
image1323.jpg,Food
image3501.jpg,Food
image3062.jpg,Food
image660.jpg,Food
image4938.jpg,Attire
image6400.jpg,Food
image3552.jpg,Food
image8620.jpg,Attire
image3082.jpg,Food
image4376.jpg,Food
image6056.jpg,Food
image4519.jpg,Food
image3271.jpg,Food
image9670.jpg,Attire
image1829.jpg,Attire
image2360.jpg,Food
image1826.jpg,Food
image10228.jpg,Attire
image10142.jpg,Food
image9420.jpg,Food
image2640.jpg,Food
image9846.jpg,Attire
image3006.jpg,Food
image6737.jpg,Food
image1057.jpg,Food
image9921.jpg,Attire
image9170.jpg,Food
image1831.jpg,Attire
image5552.jpg,Attire
image9664.jpg,Food
image682.jpg,Attire
image4465.jpg,Food
image9350.jpg,Food
image10241.jpg,Food
image2343.jpg,Food
image8018.jpg,Food
image4799.jpg,Attire
image5730.jpg,Food
image5899.jpg,Food
image10468.jpg,Food
image935.jpg,Food
image7582.jpg,Food
image10010.jpg,Food
image10539.jpg,Food
image2748.jpg,Food
image4030.jpg,Food
image8274.jpg,Attire
image6698.jpg,Food
image2274.jpg,Food
image3689.jpg,Food
image3428.jpg,Food
image4211.jpg,Food
image5215.jpg,Food
image5137.jpg,Attire
image6646.jpg,Food
image1277.jpg,Food
image2702.jpg,Food
image6586.jpg,Food
image1797.jpg,Attire
image8726.jpg,Attire
image2762.jpg,Food
image5019.jpg,Attire
image2038.jpg,Food
image6359.jpg,Attire
image5734.jpg,Food
image6738.jpg,Food
image9123.jpg,Food
image3595.jpg,Attire
image896.jpg,Attire
image119.jpg,Food
image5026.jpg,Food
image7345.jpg,Food
image2505.jpg,Food
image2233.jpg,Attire
image5944.jpg,Food
image5423.jpg,Attire
image8147.jpg,Food
image8440.jpg,Attire
image8678.jpg,Attire
image7624.jpg,Food
image2165.jpg,Food
image4977.jpg,Food
image2730.jpg,Food
image8664.jpg,Food
image7330.jpg,Food
image6851.jpg,Food
image473.jpg,Food
image8268.jpg,Food
image6266.jpg,Attire
image2253.jpg,Food
image3307.jpg,Attire
image4245.jpg,Attire
image8389.jpg,Food
image6634.jpg,Food
image5377.jpg,Attire
image2639.jpg,Food
image9259.jpg,Food
image7841.jpg,Food
image5741.jpg,Food
image3714.jpg,Food
image5044.jpg,Food
image10182.jpg,Attire
image7178.jpg,Food
image8889.jpg,Food
image108.jpg,Food
image1335.jpg,Food
image3221.jpg,Food
image10053.jpg,Food
image545.jpg,Food
image4877.jpg,Food
image1351.jpg,Food
image3434.jpg,Attire
image4931.jpg,Food
image9655.jpg,Food
image1163.jpg,Food
image5921.jpg,Food
image218.jpg,Food
image8028.jpg,Food
image5773.jpg,Food
image2552.jpg,Food
image6073.jpg,Food
image4128.jpg,Attire
image3399.jpg,Food
image8780.jpg,Food
image8288.jpg,Food
image1312.jpg,Food
image2728.jpg,Attire
image5466.jpg,Food
image2891.jpg,Food
image6623.jpg,Food
image3233.jpg,Attire
image8826.jpg,Food
image3142.jpg,Food
image8528.jpg,Food
image5032.jpg,Food
image3166.jpg,Food
image2711.jpg,Attire
image4056.jpg,Attire
image1328.jpg,Food
image100.jpg,Food
image4754.jpg,Attire
image4392.jpg,Attire
image4434.jpg,Food
image8856.jpg,Attire
image10427.jpg,Food
image5226.jpg,Food
image8104.jpg,Attire
image4724.jpg,Food
image7633.jpg,Attire
image1168.jpg,Attire
image4786.jpg,Food
image8011.jpg,Food
image8417.jpg,Attire
image7090.jpg,Food
image2742.jpg,Food
image9836.jpg,Food
image2152.jpg,Food
image9057.jpg,Attire
image2445.jpg,Food
image2440.jpg,Food
image4770.jpg,Attire
image4480.jpg,Attire
image10357.jpg,Food
image4556.jpg,Food
image3835.jpg,Food
image10367.jpg,Attire
image5435.jpg,Food
image390.jpg,Food
image2666.jpg,Food
image6566.jpg,Food
image7418.jpg,Food
image7730.jpg,Food
image4740.jpg,Food
image3026.jpg,Food
image7839.jpg,Attire
image8613.jpg,Attire
image5270.jpg,Food
image4691.jpg,Food
image5623.jpg,Attire
image5711.jpg,Attire
image824.jpg,Food
image8497.jpg,Food
image7446.jpg,Attire
image5170.jpg,Food
image5244.jpg,Food
image5275.jpg,Food
image8724.jpg,Food
image9345.jpg,Food
image9404.jpg,Food
image2750.jpg,Food
image1643.jpg,Food
image1649.jpg,Attire
image2932.jpg,Attire
image9505.jpg,Food
image7172.jpg,Food
image8711.jpg,Food
image238.jpg,Food
image143.jpg,Food
image10568.jpg,Food
image2386.jpg,Food
image8567.jpg,Food
image6931.jpg,Food
image294.jpg,Attire
image1165.jpg,Food
image5996.jpg,Food
image8948.jpg,Food
image7751.jpg,Food
image7620.jpg,Food
image2520.jpg,Food
image9887.jpg,Food
image2024.jpg,Food
image6305.jpg,Attire
image6000.jpg,Attire
image1994.jpg,Attire
image7086.jpg,Food
image10365.jpg,Food
image4311.jpg,Attire
image7338.jpg,Food
image9769.jpg,Food
image571.jpg,Food
image10028.jpg,Food
image4237.jpg,Food
image3728.jpg,Food
image2422.jpg,Attire
image9222.jpg,Food
image4393.jpg,Food
image5645.jpg,Food
image8339.jpg,Attire
image2410.jpg,Food
image3248.jpg,Food
image1058.jpg,Food
image410.jpg,Food
image5468.jpg,Food
image9085.jpg,Food
image6324.jpg,Food
image3301.jpg,Food
image6908.jpg,Food
image9429.jpg,Food
image126.jpg,Food
image9939.jpg,Food
image6839.jpg,Attire
image1501.jpg,Food
image7062.jpg,Attire
image5050.jpg,Food
image2184.jpg,Food
image5176.jpg,Food
image2045.jpg,Food
image2111.jpg,Food
image10073.jpg,Food
image6191.jpg,Attire
image10688.jpg,Food
image3616.jpg,Food
image3215.jpg,Food
image7517.jpg,Food
image8107.jpg,Food
image6257.jpg,Food
image4448.jpg,Food
image3410.jpg,Food
image7148.jpg,Attire
image2910.jpg,Food
image7632.jpg,Food
image2148.jpg,Food
image8549.jpg,Food
image10294.jpg,Food
image9523.jpg,Food
image6678.jpg,Food
image8279.jpg,Food
image6021.jpg,Food
image7326.jpg,Food
image8077.jpg,Attire
image206.jpg,Attire
image6202.jpg,Food
image2633.jpg,Food
image4860.jpg,Food
image6264.jpg,Food
image7164.jpg,Food
image5725.jpg,Food
image10224.jpg,Food
image5592.jpg,Attire
image6236.jpg,Food
image3745.jpg,Food
image8472.jpg,Food
image2918.jpg,Attire
image3357.jpg,Food
image6439.jpg,Food
image5767.jpg,Food
image6549.jpg,Food
image3250.jpg,Food
image3935.jpg,Food
image4983.jpg,Food
image9705.jpg,Food
image7487.jpg,Food
image6766.jpg,Food
image8544.jpg,Food
image1355.jpg,Food
image5782.jpg,Food
image1024.jpg,Food
image9109.jpg,Food
image580.jpg,Attire
image3299.jpg,Food
image1432.jpg,Food
image1926.jpg,Food
image5357.jpg,Food
image1958.jpg,Food
image8489.jpg,Food
image2764.jpg,Food
image8187.jpg,Attire
image792.jpg,Food
image1231.jpg,Food
image5140.jpg,Attire
image5049.jpg,Food
image9525.jpg,Attire
image6431.jpg,Food
image662.jpg,Food
image7324.jpg,Attire
image3762.jpg,Food
image5987.jpg,Attire
image7498.jpg,Food
image7539.jpg,Food
image5356.jpg,Food
image9749.jpg,Food
image9081.jpg,Food
image7545.jpg,Attire
image8264.jpg,Food
image3005.jpg,Food
image7182.jpg,Food
image9561.jpg,Food
image7405.jpg,Food
image3999.jpg,Food
image3579.jpg,Attire
image2503.jpg,Food
image3888.jpg,Food
image3032.jpg,Food
image8754.jpg,Food
image2167.jpg,Food
image8681.jpg,Food
image9995.jpg,Food
image8623.jpg,Food
image3335.jpg,Food
image1609.jpg,Food
image1654.jpg,Food
image10477.jpg,Attire
image9319.jpg,Food
image2736.jpg,Food
image6916.jpg,Food
image1969.jpg,Food
image3096.jpg,Food
image9330.jpg,Attire
image3691.jpg,Attire
image9986.jpg,Food
image10469.jpg,Food
image7410.jpg,Food
image7123.jpg,Attire
image5482.jpg,Food
image444.jpg,Food
image4478.jpg,Food
image10889.jpg,Food
image3289.jpg,Attire
image6129.jpg,Attire
image631.jpg,Food
image8841.jpg,Food
image8610.jpg,Food
image3951.jpg,Food
image7868.jpg,Food
image2320.jpg,Food
image10591.jpg,Food
image6734.jpg,Food
image8205.jpg,Food
image2870.jpg,Food
image7528.jpg,Food
image2359.jpg,Food
image9372.jpg,Attire
image1804.jpg,Food
image10749.jpg,Food
image5862.jpg,Food
image8164.jpg,Food
image6548.jpg,Food
image5111.jpg,Food
image9745.jpg,Food
image4838.jpg,Food
image1540.jpg,Food
image10645.jpg,Food
image7847.jpg,Food
image9782.jpg,Food
image9977.jpg,Food
image10634.jpg,Food
image6498.jpg,Food
image9461.jpg,Food
image7709.jpg,Attire
image7127.jpg,Food
image9118.jpg,Food
image6170.jpg,Attire
image5245.jpg,Food
image9482.jpg,Attire
image7315.jpg,Food
image3491.jpg,Food
image9709.jpg,Attire
image2846.jpg,Food
image6733.jpg,Attire
image5460.jpg,Food
image4043.jpg,Food
image9533.jpg,Food
image8824.jpg,Food
image4861.jpg,Food
image9508.jpg,Food
image1556.jpg,Food
image1049.jpg,Food
image803.jpg,Food
image1087.jpg,Food
image3627.jpg,Food
image8127.jpg,Food
image9577.jpg,Food
image10819.jpg,Food
image10230.jpg,Food
image7740.jpg,Food
image5130.jpg,Food
image7241.jpg,Food
image6336.jpg,Attire
image9105.jpg,Food
image9308.jpg,Food
image6470.jpg,Food
image7951.jpg,Food
image4766.jpg,Food
image4742.jpg,Food
image938.jpg,Food
image7296.jpg,Attire
image3829.jpg,Food
image3684.jpg,Attire
image895.jpg,Food
image226.jpg,Attire
image7564.jpg,Attire
image10074.jpg,Attire
image40.jpg,Food
image8737.jpg,Food
image3243.jpg,Food
image1553.jpg,Food
image5822.jpg,Food
image9271.jpg,Food
image488.jpg,Food
image10752.jpg,Food
image2873.jpg,Food
image3989.jpg,Food
image2133.jpg,Food
image9481.jpg,Food
image2243.jpg,Food
image1243.jpg,Food
image4775.jpg,Attire
image8600.jpg,Food
image10416.jpg,Food
image710.jpg,Food
image665.jpg,Food
image10772.jpg,Food
image10804.jpg,Food
image4819.jpg,Attire
image6352.jpg,Food
image7509.jpg,Attire
image1035.jpg,Food
image6520.jpg,Attire
image3094.jpg,Food
image1523.jpg,Food
image7944.jpg,Attire
image10867.jpg,Food
image1874.jpg,Food
image5399.jpg,Food
image8156.jpg,Food
image5854.jpg,Food
image4342.jpg,Food
image4220.jpg,Food
image10457.jpg,Food
image4401.jpg,Food
image107.jpg,Food
image6622.jpg,Food
image2423.jpg,Food
image3511.jpg,Attire
image1525.jpg,Food
image9661.jpg,Food
image4468.jpg,Food
image10261.jpg,Attire
image5324.jpg,Food
image6419.jpg,Food
image4924.jpg,Attire
image1618.jpg,Food
image10065.jpg,Food
image1359.jpg,Food
image8763.jpg,Food
image10040.jpg,Attire
image6163.jpg,Food
image8538.jpg,Food
image5654.jpg,Attire
image6260.jpg,Food
image705.jpg,Food
image3615.jpg,Attire
image5427.jpg,Food
image1362.jpg,Food
image10746.jpg,Food
image6833.jpg,Attire
image4008.jpg,Food
image9729.jpg,Attire
image2154.jpg,Food
image10697.jpg,Food
image1267.jpg,Food
image2129.jpg,Food
image7658.jpg,Food
image4867.jpg,Food
image10835.jpg,Food
image2884.jpg,Food
image9686.jpg,Food
image10376.jpg,Food
image4225.jpg,Food
image7995.jpg,Food
image5227.jpg,Food
image10737.jpg,Attire
image8760.jpg,Food
image176.jpg,Food
image6094.jpg,Food
image2137.jpg,Food
image411.jpg,Attire
image6153.jpg,Attire
image8782.jpg,Food
image10064.jpg,Attire
image2425.jpg,Food
image956.jpg,Food
image394.jpg,Food
image3234.jpg,Food
image9351.jpg,Food
image1846.jpg,Food
image8517.jpg,Food
image6871.jpg,Food
image1236.jpg,Food
image3668.jpg,Food
image8282.jpg,Food
image3353.jpg,Food
image7540.jpg,Food
image7536.jpg,Food
image3055.jpg,Food
image8874.jpg,Food
image130.jpg,Food
image4412.jpg,Food
image3830.jpg,Food
image5634.jpg,Food
image9853.jpg,Food
image8204.jpg,Food
image6998.jpg,Food
image7927.jpg,Food
image5152.jpg,Food
image9553.jpg,Food
image10388.jpg,Food
image10670.jpg,Attire
image6193.jpg,Food
image5097.jpg,Food
image8653.jpg,Food
image154.jpg,Food
image9889.jpg,Attire
image2058.jpg,Attire
image9867.jpg,Food
image10447.jpg,Food
image5045.jpg,Food
image4253.jpg,Food
image8530.jpg,Food
image2875.jpg,Food
image8967.jpg,Food
image3196.jpg,Food
image10079.jpg,Food
image3975.jpg,Food
image6631.jpg,Food
image6016.jpg,Food
image6791.jpg,Food
image7888.jpg,Food
image4807.jpg,Food
image3777.jpg,Food
image4712.jpg,Food
image10520.jpg,Attire
image2977.jpg,Food
image7083.jpg,Food
image9343.jpg,Food
image6979.jpg,Food
image386.jpg,Food
image5486.jpg,Attire
image5361.jpg,Food
image8730.jpg,Food
image3023.jpg,Food
image8584.jpg,Food
image3246.jpg,Food
image878.jpg,Food
image10105.jpg,Food
image6619.jpg,Food
image4382.jpg,Food
image7903.jpg,Food
image9589.jpg,Food
image3961.jpg,Food
image7659.jpg,Food
image4639.jpg,Attire
image152.jpg,Food
image9790.jpg,Attire
image2354.jpg,Food
image8652.jpg,Attire
image5124.jpg,Food
image8656.jpg,Food
image589.jpg,Food
image9866.jpg,Food
image9495.jpg,Food
image9966.jpg,Attire
image5682.jpg,Food
image8169.jpg,Attire
image7768.jpg,Food
image10099.jpg,Food
image1516.jpg,Food
image7198.jpg,Attire
image1791.jpg,Attire
image1346.jpg,Food
image4073.jpg,Food
image10682.jpg,Attire
image22.jpg,Food
image2317.jpg,Food
image3173.jpg,Food
image8998.jpg,Food
image4183.jpg,Attire
image6984.jpg,Food
image7667.jpg,Food
image6014.jpg,Food
image2956.jpg,Attire
image2216.jpg,Food
image5364.jpg,Food
image4212.jpg,Food
image8604.jpg,Food
image6920.jpg,Food
image5813.jpg,Food
image2953.jpg,Attire
image8358.jpg,Food
image3527.jpg,Food
image2325.jpg,Attire
image8245.jpg,Food
image1856.jpg,Food
image10406.jpg,Food
image3015.jpg,Attire
image10451.jpg,Food
image7163.jpg,Food
image1565.jpg,Food
image2509.jpg,Food
image3279.jpg,Attire
image1103.jpg,Food
image6759.jpg,Food
image3153.jpg,Attire
image7965.jpg,Attire
image8039.jpg,Food
image9120.jpg,Food
image5264.jpg,Food
image8462.jpg,Food
image2344.jpg,Food
image3766.jpg,Food
image4567.jpg,Food
image10654.jpg,Food
image3896.jpg,Food
image9349.jpg,Food
image905.jpg,Food
image3431.jpg,Food
image6929.jpg,Attire
image7400.jpg,Food
image10394.jpg,Attire
image7663.jpg,Attire
image7199.jpg,Food
image10194.jpg,Food
image7604.jpg,Food
image4205.jpg,Food
image2400.jpg,Food
image8397.jpg,Food
image10200.jpg,Food
image8566.jpg,Attire
image6508.jpg,Food
image2722.jpg,Attire
image1962.jpg,Food
image1629.jpg,Food
image10421.jpg,Food
image3423.jpg,Food
image7482.jpg,Attire
image8299.jpg,Food
image8003.jpg,Food
image4093.jpg,Food
image459.jpg,Attire
image9542.jpg,Attire
image4506.jpg,Food
image5772.jpg,Food
image4445.jpg,Food
image1223.jpg,Food
image364.jpg,Attire
image9549.jpg,Food
image6185.jpg,Food
image9261.jpg,Food
image6039.jpg,Food
image1013.jpg,Attire
image8865.jpg,Food
image10860.jpg,Attire
image8708.jpg,Food
image7895.jpg,Food
image10497.jpg,Food
image7118.jpg,Food
image7826.jpg,Food
image5135.jpg,Food
image3574.jpg,Food
image9037.jpg,Food
image4134.jpg,Food
image7649.jpg,Food
image7693.jpg,Food
image9575.jpg,Food
image4231.jpg,Food
image2518.jpg,Food
image5926.jpg,Food
image6272.jpg,Food
image10076.jpg,Food
image4173.jpg,Food
image9333.jpg,Food
image9119.jpg,Attire
image3368.jpg,Food
image8482.jpg,Food
image2619.jpg,Food
image5839.jpg,Food
image6230.jpg,Food
image10618.jpg,Food
image5407.jpg,Food
image9858.jpg,Food
image7040.jpg,Food
image7805.jpg,Food
image10604.jpg,Food
image6618.jpg,Attire
image10529.jpg,Food
image156.jpg,Food
image8758.jpg,Decorationandsignage
image2548.jpg,Food
image255.jpg,Food
image10452.jpg,Food
image9518.jpg,Food
image3320.jpg,Food
image241.jpg,Food
image8838.jpg,Food
image4431.jpg,Attire
image3411.jpg,Food
image5728.jpg,Food
image209.jpg,Food
image4223.jpg,Food
image8220.jpg,Food
image6855.jpg,Food
image5674.jpg,Food
image5627.jpg,Food
image5425.jpg,Food
image2479.jpg,Attire
image9811.jpg,Food
image7499.jpg,Food
image1490.jpg,Food
image4913.jpg,Food
image5420.jpg,Attire
image6608.jpg,Food
image2690.jpg,Food
image4250.jpg,Attire
image9724.jpg,Attire
image6744.jpg,Food
image8956.jpg,Food
image3721.jpg,Food
image6684.jpg,Food
image6493.jpg,Food
image10764.jpg,Food
image8700.jpg,Food
image9999.jpg,Food
image4303.jpg,Attire
image3278.jpg,Food
image9721.jpg,Food
image808.jpg,Food
image6294.jpg,Food
image4597.jpg,Food
image564.jpg,Food
image6792.jpg,Food
image4781.jpg,Attire
image6526.jpg,Food
image4340.jpg,Food
image3561.jpg,Food
image3058.jpg,Attire
image10062.jpg,Food
image4034.jpg,Food
image6095.jpg,Food
image8629.jpg,Food
image2130.jpg,Food
image1492.jpg,Food
image5677.jpg,Attire
image6784.jpg,Attire
image2368.jpg,Food
image7699.jpg,Food
image6793.jpg,Attire
image5143.jpg,Food
image9049.jpg,Attire
image2919.jpg,Food
image5299.jpg,Food
image9036.jpg,Food
image10051.jpg,Food
image5596.jpg,Food
image3734.jpg,Food
image3329.jpg,Food
image1788.jpg,Food
image5577.jpg,Food
image10249.jpg,Food
image10505.jpg,Food
image1478.jpg,Attire
image3720.jpg,Attire
image2665.jpg,Food
image6083.jpg,Food
image6877.jpg,Food
image1077.jpg,Food
image5041.jpg,Food
image10624.jpg,Food
image7808.jpg,Attire
image5123.jpg,Food
image4625.jpg,Food
image1822.jpg,Food
image3150.jpg,Attire
image9269.jpg,Attire
image1576.jpg,Food
image1250.jpg,Attire
image4152.jpg,Food
image4547.jpg,Food
image4900.jpg,Food
image9547.jpg,Attire
image132.jpg,Attire
image4038.jpg,Food
image10671.jpg,Food
image2544.jpg,Food
image2814.jpg,Food
image1644.jpg,Food
image5411.jpg,Attire
image5107.jpg,Attire
image4654.jpg,Food
image7957.jpg,Food
image323.jpg,Food
image7029.jpg,Food
image4704.jpg,Attire
image4323.jpg,Attire
image7892.jpg,Food
image7631.jpg,Food
image8110.jpg,Food
image10524.jpg,Food
image4863.jpg,Food
image6789.jpg,Food
image5084.jpg,Food
image8094.jpg,Food
image4475.jpg,Food
image5555.jpg,Food
image9127.jpg,Attire
image7485.jpg,Food
image7685.jpg,Food
image5171.jpg,Food
image3964.jpg,Food
image4381.jpg,Food
image6702.jpg,Food
image4596.jpg,Food
image6212.jpg,Food
image4160.jpg,Food
image5169.jpg,Attire
image10050.jpg,Food
image7989.jpg,Food
image8864.jpg,Food
image10379.jpg,Food
image6423.jpg,Food
image8017.jpg,Attire
image5250.jpg,Food
image9448.jpg,Food
image1993.jpg,Food
image9183.jpg,Food
image8790.jpg,Food
image7646.jpg,Food
image3661.jpg,Food
image2430.jpg,Food
image6267.jpg,Food
image9780.jpg,Food
image1552.jpg,Food
image10643.jpg,Food
image3494.jpg,Food
image4782.jpg,Food
image8327.jpg,Food
image7793.jpg,Food
image4986.jpg,Food
image951.jpg,Food
image2634.jpg,Attire
image5876.jpg,Food
image2096.jpg,Attire
image5030.jpg,Attire
image3228.jpg,Food
image9341.jpg,Food
image4767.jpg,Food
image2333.jpg,Food
image3560.jpg,Food
image9462.jpg,Food
image8800.jpg,Food
image9881.jpg,Food
image5271.jpg,Food
image2467.jpg,Food
image6020.jpg,Food
image3652.jpg,Food
image3270.jpg,Food
image9029.jpg,Food
image689.jpg,Food
image9989.jpg,Attire
image2280.jpg,Food
image6513.jpg,Food
image8988.jpg,Food
image3388.jpg,Food
image6666.jpg,Food
image9193.jpg,misc
image7154.jpg,Attire
image4135.jpg,Food
image846.jpg,Food
image10590.jpg,Food
image3895.jpg,Food
image8427.jpg,Food
image5541.jpg,Food
image10407.jpg,Food
image7403.jpg,Food
image3014.jpg,Food
image7791.jpg,Food
image4640.jpg,Food
image6079.jpg,Food
image5737.jpg,Attire
image8490.jpg,Attire
image6009.jpg,Food
image10246.jpg,Food
image2281.jpg,Food
image6138.jpg,Attire
image10340.jpg,Food
image8342.jpg,Food
image8422.jpg,Food
image2989.jpg,Food
image9767.jpg,Food
image10300.jpg,Food
image8468.jpg,Attire
image2278.jpg,Food
image10760.jpg,Food
image7289.jpg,Food
image8333.jpg,Food
image1449.jpg,Food
image1985.jpg,Food
image10319.jpg,Food
image3872.jpg,Food
image1768.jpg,Food
image4906.jpg,Food
image1815.jpg,Attire
image6890.jpg,Attire
image3216.jpg,Food
image6858.jpg,Food
image3239.jpg,Attire
image9774.jpg,Attire
image5729.jpg,Food
image953.jpg,Food
image5433.jpg,Attire
image3864.jpg,Food
image1775.jpg,Attire
image1306.jpg,Food
image9806.jpg,Attire
image2772.jpg,Attire
image9175.jpg,Food
image1477.jpg,Food
image10102.jpg,Food
image6880.jpg,Attire
image10537.jpg,Food
image8660.jpg,Food
image9791.jpg,Attire
image4440.jpg,Food
image6232.jpg,Food
image3092.jpg,misc
image8087.jpg,Attire
image490.jpg,Food
image10103.jpg,Food
image6903.jpg,Attire
image5927.jpg,Food
image10001.jpg,Food
image6510.jpg,Food
image8930.jpg,Food
image548.jpg,Food
image10252.jpg,Food
image9407.jpg,Attire
image7420.jpg,Food
image8016.jpg,Food
image6142.jpg,Food
image7195.jpg,Food
image7208.jpg,Food
image1050.jpg,Attire
image5177.jpg,Food
image9923.jpg,Food
image759.jpg,Food
image5149.jpg,Food
image5648.jpg,Food
image7399.jpg,Attire
image5969.jpg,Food
image9436.jpg,Food
image10871.jpg,Food
image6762.jpg,Attire
image10622.jpg,Attire
image3867.jpg,Attire
image8785.jpg,Food
image1118.jpg,Food
image2507.jpg,Attire
image8267.jpg,Food
image3176.jpg,Food
image964.jpg,Food
image1662.jpg,Food
image9004.jpg,Food
image3086.jpg,Attire
image1943.jpg,Food
image2995.jpg,Attire
image6807.jpg,Food
image3776.jpg,Attire
image3429.jpg,Attire
image10846.jpg,Food
image7873.jpg,Food
image2834.jpg,Food
image3426.jpg,Food
image2653.jpg,Food
image1650.jpg,Food
image7437.jpg,Food
image1054.jpg,Food
image4373.jpg,Attire
image8090.jpg,Food
image6912.jpg,Food
image7516.jpg,Food
image10725.jpg,Food
image1391.jpg,Food
image5476.jpg,Attire
image1886.jpg,Attire
image10324.jpg,Attire
image6864.jpg,Food
image6671.jpg,Food
image5880.jpg,Attire
image7752.jpg,Food
image7736.jpg,Attire
image197.jpg,Food
image4330.jpg,Food
image10721.jpg,Food
image8525.jpg,Food
image8572.jpg,Food
image8136.jpg,Food
image7193.jpg,Food
image2217.jpg,Food
image5181.jpg,Attire
image10740.jpg,Food
image452.jpg,Attire
image8027.jpg,Attire
image10607.jpg,Food
image4666.jpg,Food
image1342.jpg,Food
image6124.jpg,Attire
image7992.jpg,Attire
image636.jpg,Food
image10370.jpg,Food
image5182.jpg,Food
image6613.jpg,Food
image9805.jpg,Food
image4063.jpg,Attire
image7963.jpg,Food
image4100.jpg,Attire
image2960.jpg,Attire
image10461.jpg,Food
image7812.jpg,Attire
image4054.jpg,Food
image6820.jpg,Food
image8917.jpg,Food
image3798.jpg,Food
image7440.jpg,Food
image6278.jpg,Attire
image8053.jpg,Food
image4772.jpg,Food
image7287.jpg,Food
image10146.jpg,Attire
image8625.jpg,Food
image10082.jpg,Food
image8439.jpg,Food
image9562.jpg,Food
image6517.jpg,Food
image5272.jpg,Food
image5638.jpg,Attire
image314.jpg,Food
image8827.jpg,Food
image2220.jpg,Food
image8201.jpg,Food
image10049.jpg,Food
image4057.jpg,Food
image1897.jpg,Food
image1079.jpg,Food
image10302.jpg,Food
image2118.jpg,Food
image7417.jpg,Food
image9808.jpg,Food
image8086.jpg,Food
image5310.jpg,Food
image6629.jpg,Food
image3192.jpg,Attire
image7599.jpg,Food
image6614.jpg,Food
image8175.jpg,Attire
image7295.jpg,Attire
image2815.jpg,Food
image4181.jpg,Attire
image8723.jpg,Food
image4456.jpg,Attire
image10789.jpg,Food
image1248.jpg,Attire
image10541.jpg,Attire
image9753.jpg,Food
image10426.jpg,Food
image743.jpg,Attire
image6239.jpg,Food
image3112.jpg,Attire
image9936.jpg,Food
image4800.jpg,Food
image6521.jpg,Food
image9599.jpg,Attire
image9885.jpg,Attire
image10474.jpg,Food
image2510.jpg,Attire
image4853.jpg,Food
image8059.jpg,Food
image7431.jpg,Food
image4919.jpg,Attire
image6992.jpg,Food
image2497.jpg,Food
image5935.jpg,Food
image712.jpg,Attire
image518.jpg,Food
image4851.jpg,Food
image10648.jpg,Food
image5198.jpg,Attire
image7886.jpg,Food
image5246.jpg,Food
image8612.jpg,Attire
image1466.jpg,Food
image1258.jpg,Food
image5637.jpg,Food
image6048.jpg,Attire
image9090.jpg,Food
image10183.jpg,Attire
image1580.jpg,Food
image10420.jpg,Food
image9097.jpg,Food
image9524.jpg,Food
image7416.jpg,Food
image3272.jpg,Attire
image2493.jpg,Food
image9719.jpg,Attire
image8690.jpg,Food
image4677.jpg,Food
image7355.jpg,Attire
image3463.jpg,Food
image10755.jpg,Food
image10718.jpg,Food
image10616.jpg,Food
image568.jpg,Food
image4019.jpg,Attire
image1238.jpg,Food
image4264.jpg,Food
image6398.jpg,Food
image4907.jpg,Food
image6428.jpg,Food
image1591.jpg,Food
image3812.jpg,Food
image10695.jpg,Food
image3724.jpg,Attire
image4752.jpg,Food
image8885.jpg,Food
image10354.jpg,Food
image10617.jpg,Food
image3859.jpg,Food
image8251.jpg,Food
image8981.jpg,Food
image503.jpg,Food
image10014.jpg,Attire
image8328.jpg,Food
image8607.jpg,Food
image9683.jpg,Food
image2442.jpg,Food
image7572.jpg,Food
image117.jpg,Attire
image8101.jpg,Attire
image9224.jpg,Food
image6972.jpg,Food
image8537.jpg,Food
image6691.jpg,Food
image10731.jpg,Food
image2376.jpg,Food
image4972.jpg,Food
image9432.jpg,Attire
image6810.jpg,Food
image9517.jpg,Food
image8452.jpg,Food
image5787.jpg,Food
image8577.jpg,Food
image5417.jpg,Food
image5249.jpg,Food
image1990.jpg,Attire
image5279.jpg,Food
image3079.jpg,Food
image8765.jpg,Food
image3387.jpg,Food
image3481.jpg,Food
image3565.jpg,Food
image6456.jpg,Food
image6654.jpg,Food
image3739.jpg,Food
image9283.jpg,Food
image6958.jpg,Food
image5591.jpg,Attire
image1262.jpg,Food
image8500.jpg,Food
image6647.jpg,Attire
image5612.jpg,Food
image5900.jpg,Attire
image375.jpg,Food
image5157.jpg,Attire
image10207.jpg,Food
image5082.jpg,Attire
image3427.jpg,Food
image5099.jpg,Food
image6465.jpg,Food
image10031.jpg,Food
image9005.jpg,Food
image8362.jpg,Food
image2579.jpg,Food
image2700.jpg,Food
image4890.jpg,Attire
image6221.jpg,Food
image3391.jpg,Food
image4123.jpg,Food
image54.jpg,Food
image2363.jpg,Attire
image5713.jpg,Food
image4532.jpg,Food
image3945.jpg,Food
image5799.jpg,Food
image4627.jpg,Attire
image303.jpg,Attire
image9788.jpg,Food
image10275.jpg,Attire
image4769.jpg,Attire
image8784.jpg,Attire
image1855.jpg,Food
image7782.jpg,Food
image10163.jpg,Food
image7588.jpg,Food
image8202.jpg,Food
image8715.jpg,Attire
image8233.jpg,Food
image6516.jpg,Food
image832.jpg,Food
image995.jpg,Attire
image5432.jpg,Attire
image9478.jpg,Attire
image9755.jpg,Food
image6224.jpg,Food
image7765.jpg,Food
image3377.jpg,Food
image7606.jpg,Food
image4268.jpg,Attire
image7170.jpg,Food
image2039.jpg,Food
image7386.jpg,Food
image1111.jpg,Food
image8317.jpg,Food
image10052.jpg,Food
image3562.jpg,Attire
image6322.jpg,Food
image6578.jpg,Food
image6859.jpg,Attire
image6482.jpg,Food
image2850.jpg,Food
image7943.jpg,Food
image9202.jpg,Attire
image8054.jpg,Attire
image2983.jpg,Attire
image5382.jpg,Food
image9743.jpg,Food
image4736.jpg,Food
image4719.jpg,Food
image5189.jpg,Food
image7000.jpg,Food
image4040.jpg,Food
image4363.jpg,Attire
image2256.jpg,Food
image4917.jpg,Attire
image4911.jpg,Food
image2504.jpg,Attire
image502.jpg,Food
image9659.jpg,Food
image7803.jpg,Attire
image9058.jpg,Attire
image3354.jpg,Food
image4169.jpg,Food
image4854.jpg,Food
image8419.jpg,Food
image9280.jpg,Food
image3496.jpg,Food
image7436.jpg,Attire
image6562.jpg,Food
image1496.jpg,Food
image8257.jpg,Food
image9698.jpg,Attire
image9864.jpg,Food
image1181.jpg,Attire
image8311.jpg,Food
image5424.jpg,Attire
image9113.jpg,Food
image4939.jpg,Food
image5003.jpg,Food
image8968.jpg,Food
image6640.jpg,Food
image5970.jpg,Attire
image1195.jpg,Food
image244.jpg,Food
image7954.jpg,Food
image5587.jpg,Food
image4299.jpg,Food
image658.jpg,Attire
image9467.jpg,Food
image9772.jpg,Food
image8067.jpg,Attire
image7996.jpg,Food
image965.jpg,Food
image7821.jpg,Attire
image7511.jpg,Food
image3839.jpg,Food
image563.jpg,Attire
image8603.jpg,Food
image7430.jpg,Attire
image10484.jpg,Food
image6068.jpg,Food
image4692.jpg,Attire
image8271.jpg,Food
image8957.jpg,Food
image6488.jpg,Attire
image5015.jpg,Food
image6854.jpg,Food
image6350.jpg,Food
image8622.jpg,Food
image7157.jpg,Food
image8641.jpg,Food
image2934.jpg,Food
image10632.jpg,Food
image1356.jpg,Food
image4678.jpg,Food
image4274.jpg,Food
image109.jpg,Attire
image8803.jpg,Food
image8381.jpg,Food
image5770.jpg,Food
image9862.jpg,Food
image3970.jpg,Food
image5150.jpg,Food
image8347.jpg,Food
image6994.jpg,Attire
image4732.jpg,Food
image5579.jpg,Food
image6969.jpg,Food
image10222.jpg,Food
image2052.jpg,Attire
image8428.jpg,Attire
image75.jpg,Food
image10094.jpg,Attire
image5565.jpg,Food
image7414.jpg,Food
image2682.jpg,Food
image4884.jpg,Food
image5641.jpg,Food
image8775.jpg,Food
image10586.jpg,Food
image9639.jpg,Food
image10558.jpg,Food
image4682.jpg,Food
image3245.jpg,Food
image9177.jpg,Food
image6097.jpg,Food
image2365.jpg,Food
image2974.jpg,Food
image7640.jpg,Food
image4699.jpg,Food
image3097.jpg,Attire
image9604.jpg,Food
image10397.jpg,Attire
image5538.jpg,Food
image6246.jpg,Food
image4259.jpg,Attire
image480.jpg,Food
image8055.jpg,Food
image9250.jpg,Food
image4846.jpg,Food
image339.jpg,Food
image3740.jpg,Food
image1480.jpg,Food
image1209.jpg,Food
image8239.jpg,Food
image4949.jpg,Attire
image4564.jpg,Attire
image1429.jpg,Food
image8300.jpg,Food
image6019.jpg,Food
image5605.jpg,Food
image9422.jpg,Food
image4293.jpg,Attire
image3136.jpg,Food
image5511.jpg,Food
image10056.jpg,Attire
image7117.jpg,Food
image63.jpg,Food
image423.jpg,Food
image7753.jpg,Food
image5858.jpg,Attire
image9920.jpg,Attire
image5295.jpg,Attire
image2511.jpg,Food
image5038.jpg,Food
image461.jpg,Food
image3575.jpg,Attire
image10098.jpg,Food
image10519.jpg,Attire
image9665.jpg,Attire
image10157.jpg,Attire
image8912.jpg,Food
image10650.jpg,Food
image1695.jpg,Attire
image7519.jpg,Food
image7026.jpg,Attire
image9145.jpg,Food
image6286.jpg,Attire
image6006.jpg,Food
image10579.jpg,Food
image994.jpg,Food
image1303.jpg,Attire
image5706.jpg,Food
image6512.jpg,Food
image5475.jpg,Food
image3211.jpg,Attire
image5868.jpg,Attire
image6985.jpg,Attire
image8764.jpg,Food
image4903.jpg,Attire
image175.jpg,Food
image5283.jpg,Food
image5668.jpg,Attire
image9551.jpg,Food
image10813.jpg,Food
image7294.jpg,Food
image6672.jpg,Food
image6818.jpg,Attire
image10837.jpg,Food
image8373.jpg,Food
image6347.jpg,Food
image5077.jpg,Food
image122.jpg,Attire
image3425.jpg,Food
image4127.jpg,Attire
image4585.jpg,Attire
image6591.jpg,Food
image6648.jpg,Food
image4886.jpg,Attire
image7222.jpg,Food
image8506.jpg,Attire
image6483.jpg,Food
image3362.jpg,Food
image1215.jpg,Food
image8650.jpg,Food
image4017.jpg,Food
image722.jpg,Food
image4955.jpg,Food
image9206.jpg,Food
image4546.jpg,Food
image9975.jpg,Attire
image2774.jpg,Food
image8070.jpg,Attire
image9480.jpg,Food
image4355.jpg,Food
image9207.jpg,Food
image1692.jpg,Food
image5335.jpg,Food
image7548.jpg,Food
image10459.jpg,Food
image8277.jpg,Food
image5732.jpg,Food
image4805.jpg,Attire
image4460.jpg,Attire
image3356.jpg,Food
image5873.jpg,Food
image10653.jpg,Food
image5872.jpg,Food
image2708.jpg,Food
image7141.jpg,Attire
image6200.jpg,Food
image7110.jpg,Attire
image9759.jpg,Food
image1813.jpg,Food
image6353.jpg,Food
image484.jpg,Food
image7537.jpg,Food
image2238.jpg,Attire
image2297.jpg,Attire
image4421.jpg,Food
image3765.jpg,Food
image5008.jpg,Attire
image10077.jpg,Food
image9069.jpg,Food
image9273.jpg,Food
image7135.jpg,Food
image1206.jpg,Attire
image5236.jpg,Food
image10832.jpg,Food
image3554.jpg,Attire
image10637.jpg,Food
image5470.jpg,Attire
image6443.jpg,Food
image1948.jpg,Attire
image3897.jpg,Food
image5692.jpg,Food
image4970.jpg,Attire
image7597.jpg,Attire
image2194.jpg,Food
image9576.jpg,Food
image8761.jpg,Food
image7081.jpg,Food
image6330.jpg,Food
image5704.jpg,Food
image9234.jpg,Food
image9647.jpg,Food
image9107.jpg,Attire
image1098.jpg,Food
image5330.jpg,Food
image2159.jpg,Food
image7105.jpg,Food
image365.jpg,Food
image7160.jpg,Food
image8465.jpg,Attire
image4125.jpg,Food
image6556.jpg,Attire
image9458.jpg,Food
image6148.jpg,Food
image10521.jpg,Food
image1938.jpg,Food
image4601.jpg,Food
image721.jpg,Food
image7060.jpg,Food
image4252.jpg,Food
image3871.jpg,Food
image6495.jpg,Food
image7862.jpg,Food
image4929.jpg,Attire
image6271.jpg,Food
image297.jpg,Attire
image10444.jpg,Food
image6120.jpg,Food
image6491.jpg,Food
image6927.jpg,Food
image837.jpg,Food
image8938.jpg,Food
image6165.jpg,Attire
image2155.jpg,Food
image552.jpg,Attire
image4059.jpg,Attire
image5672.jpg,Food
image4510.jpg,Food
image8901.jpg,Attire
image10456.jpg,Food
image7301.jpg,Attire
image7717.jpg,Food
image4821.jpg,Food
image409.jpg,Food
image6201.jpg,Food
image9143.jpg,Food
image3813.jpg,Food
image4675.jpg,Food
image3538.jpg,Food
image1124.jpg,Food
image10044.jpg,Food
image8667.jpg,Food
image914.jpg,Food
image9334.jpg,Attire
image133.jpg,Food
image8941.jpg,Food
image6706.jpg,Food
image10039.jpg,Food
image8952.jpg,Food
image5421.jpg,Food
image4459.jpg,Attire
image9199.jpg,Food
image1333.jpg,Food
image6111.jpg,Food
image7380.jpg,Food
image8772.jpg,Food
image5326.jpg,Food
image10417.jpg,Attire
image5835.jpg,Food
image494.jpg,Food
image7761.jpg,Food
image7255.jpg,Food
image5455.jpg,Attire
image8543.jpg,Attire
image8030.jpg,Food
image2608.jpg,Food
image1573.jpg,Food
image1137.jpg,Attire
image871.jpg,Attire
image1665.jpg,Food
image926.jpg,Attire
image1074.jpg,Food
image284.jpg,Food
image8573.jpg,Food
image1570.jpg,Food
image4901.jpg,Food
image6511.jpg,Attire
image7143.jpg,Food
image8241.jpg,Food
image403.jpg,Food
image1927.jpg,Food
image9332.jpg,Attire
image6379.jpg,Food
image7442.jpg,Food
image8965.jpg,Food
image2064.jpg,Attire
image5325.jpg,Attire
image3922.jpg,Food
image8828.jpg,Attire
image10829.jpg,Attire
image10240.jpg,Attire
image9242.jpg,Attire
image4746.jpg,Food
image8269.jpg,Food
image4583.jpg,Food
image239.jpg,Food
image8115.jpg,Food
image10093.jpg,Food
image10877.jpg,Food
image3340.jpg,Food
image7460.jpg,Food
image9876.jpg,Attire
image7325.jpg,Attire
image4147.jpg,Food
image3939.jpg,Food
image2207.jpg,Food
image4387.jpg,Food
image1092.jpg,Food
image9760.jpg,Food
image8739.jpg,Food
image4835.jpg,Food
image4804.jpg,Attire
image9064.jpg,Food
image5574.jpg,Food
image10206.jpg,Food
image7952.jpg,Food
image6187.jpg,Food
image8493.jpg,Attire
image3235.jpg,Food
image10876.jpg,Food
image5467.jpg,Food
image10613.jpg,Food
image5932.jpg,Attire
image7872.jpg,Food
image3025.jpg,Food
image8064.jpg,Attire
image3348.jpg,Food
image1452.jpg,Food
image2237.jpg,Food
image252.jpg,Food
image3417.jpg,Food
image10250.jpg,Attire
image4590.jpg,Food
image8503.jpg,Attire
image6065.jpg,Food
image7501.jpg,Food
image9783.jpg,Attire
image1259.jpg,Food
image8947.jpg,Food
image10430.jpg,Food
image7318.jpg,Attire
image7411.jpg,Food
image8794.jpg,Attire
image6822.jpg,Food
image6033.jpg,Food
image4837.jpg,Attire
image10271.jpg,Food
image9829.jpg,Attire
image4362.jpg,Food
image76.jpg,Food
image7129.jpg,Food
image5765.jpg,Food
image5398.jpg,Food
image10170.jpg,Food
image6269.jpg,Food
image7534.jpg,Food
image9744.jpg,Food
image7098.jpg,Food
image9915.jpg,Attire
image9089.jpg,Food
image5691.jpg,Food
image6297.jpg,Food
image4477.jpg,Food
image4013.jpg,Attire
image5520.jpg,Food
image3529.jpg,Food
image6067.jpg,Food
image1198.jpg,Attire
image3081.jpg,Food
image9347.jpg,Food
image8831.jpg,Food
image6026.jpg,Food
image6925.jpg,Food
image10084.jpg,Attire
image6558.jpg,Attire
image7672.jpg,Food
image1534.jpg,Food
image1471.jpg,Attire
image7512.jpg,Attire
image9612.jpg,Food
image6729.jpg,Food
image4067.jpg,Food
image3738.jpg,Food
image1774.jpg,Attire
image5673.jpg,Food
image8276.jpg,Food
image2984.jpg,Food
image770.jpg,Food
image7344.jpg,Attire
image8102.jpg,Food
image7850.jpg,Food
image989.jpg,Food
image6758.jpg,Food
image7934.jpg,Food
image7220.jpg,Food
image4010.jpg,Food
image5488.jpg,Food
image7275.jpg,Food
image10831.jpg,Attire
image4325.jpg,Food
image2323.jpg,Food
image10664.jpg,Food
image8149.jpg,Attire
image8478.jpg,Food
image3326.jpg,Food
image9688.jpg,Attire
image5392.jpg,Food
image4607.jpg,Food
image7535.jpg,Attire
image9419.jpg,Food
image1721.jpg,Food
image8927.jpg,Food
image6448.jpg,Food
image9770.jpg,Food
image5439.jpg,Attire
image5408.jpg,Food
image3642.jpg,Food
image7024.jpg,Food
image2441.jpg,Food
image1915.jpg,Food
image5843.jpg,Food
image4751.jpg,Food
image6109.jpg,Attire
image4046.jpg,Food
image818.jpg,Food
image1906.jpg,Food
image4718.jpg,Attire
image1624.jpg,Food
image2751.jpg,Food
image2550.jpg,Attire
image6579.jpg,Food
image9490.jpg,Food
image371.jpg,Food
image7068.jpg,Food
image10567.jpg,Attire
image347.jpg,Food
image9792.jpg,Food
image6210.jpg,Attire
image6207.jpg,Food
image4214.jpg,Attire
image4151.jpg,Food
image1756.jpg,Food
image7916.jpg,Food
image2242.jpg,Attire
image1558.jpg,Attire
image8740.jpg,Food
image2621.jpg,Food
image7860.jpg,Food
image4771.jpg,Food
image1696.jpg,Food
image3586.jpg,Food
image4053.jpg,Food
image6690.jpg,Food
image4721.jpg,Food
image7048.jpg,Food
image9928.jpg,Food
image6636.jpg,Attire
image7283.jpg,Food
image1146.jpg,Attire
image6543.jpg,Food
image3709.jpg,Food
image1430.jpg,Food
image8321.jpg,Food
image8165.jpg,Attire
image7523.jpg,Food
image10269.jpg,Food
image7738.jpg,Food
image10481.jpg,Food
image7188.jpg,Food
image10598.jpg,Food
image8545.jpg,Food
image2116.jpg,Food
image2833.jpg,Food
image4315.jpg,Attire
image8619.jpg,Attire
image3147.jpg,Food
image10133.jpg,Food
image6831.jpg,Food
image3117.jpg,Food
image2035.jpg,Food
image5042.jpg,Food
image9802.jpg,Food
image3052.jpg,Food
image4018.jpg,Food
image1562.jpg,Food
image10743.jpg,Food
image6088.jpg,Attire
image10765.jpg,Food
image8099.jpg,Food
image7217.jpg,Food
image10542.jpg,Attire
image1055.jpg,Food
image6620.jpg,Food
image7549.jpg,Attire
image6577.jpg,Attire
image2806.jpg,Food
image6507.jpg,Attire
image9501.jpg,Food
image4068.jpg,Food
image4487.jpg,Attire
image5583.jpg,Food
image8379.jpg,Food
image6288.jpg,Attire
image8412.jpg,Food
image5472.jpg,Food
image7352.jpg,Food
image1524.jpg,Food
image979.jpg,Food
image2335.jpg,Attire
image3634.jpg,Food
image10662.jpg,Attire
image6084.jpg,Food
image7130.jpg,Food
image3359.jpg,Food
image10555.jpg,Food
image4659.jpg,Attire
image7281.jpg,Food
image10418.jpg,Food
image4284.jpg,Food
image5311.jpg,Attire
image4843.jpg,Food
image9380.jpg,Food
image2337.jpg,Food
image8595.jpg,Food
image2382.jpg,Food
image7212.jpg,Food
image10809.jpg,Food
image1982.jpg,Food
image7977.jpg,Food
image2286.jpg,Food
image7425.jpg,Food
image8183.jpg,Food
image2500.jpg,Food
image2745.jpg,Food
image6900.jpg,Food
image10026.jpg,Food
image10023.jpg,Food
image5242.jpg,Food
image8103.jpg,Attire
image8682.jpg,Food
image9587.jpg,Attire
image8292.jpg,Food
image6693.jpg,Attire
image396.jpg,Attire
image2287.jpg,Food
image5451.jpg,Attire
image1465.jpg,Food
image1112.jpg,Food
image10761.jpg,Food
image10236.jpg,Food
image9933.jpg,Attire
image10628.jpg,Food
image9361.jpg,Attire
image7565.jpg,Food
image8676.jpg,Food
image8144.jpg,Food
image2331.jpg,Attire
image9393.jpg,Food
image1691.jpg,Attire
image4228.jpg,Food
image3122.jpg,Food
image7853.jpg,Food
image8751.jpg,Food
image3675.jpg,Food
image600.jpg,Food
image1320.jpg,Food
image8546.jpg,Food
image7311.jpg,Food
image3127.jpg,Food
image6575.jpg,Food
image3218.jpg,Food
image744.jpg,Attire
image10231.jpg,Food
image3409.jpg,Attire
image2643.jpg,Food
image2668.jpg,Attire
image7328.jpg,Attire
image2835.jpg,Food
image3889.jpg,Attire
image6074.jpg,Food
image8121.jpg,Food
image1370.jpg,Food
image3865.jpg,Food
image4270.jpg,Attire
image2314.jpg,Food
image9278.jpg,Food
image1325.jpg,Attire
image8513.jpg,Attire
image892.jpg,Food
image7041.jpg,Food
image7377.jpg,Food
image4344.jpg,Food
image4476.jpg,Food
image7801.jpg,Food
image1039.jpg,Attire
image4200.jpg,Food
image3441.jpg,Food
image279.jpg,Attire
image8120.jpg,Food
image1737.jpg,Food
image2139.jpg,Attire
image7248.jpg,Attire
image6826.jpg,Attire
image723.jpg,Attire
image10005.jpg,Attire
image2838.jpg,Food
image3814.jpg,Food
image6743.jpg,Food
image10774.jpg,Food
image9256.jpg,Food
image8192.jpg,Food
image4780.jpg,Food
image194.jpg,Food
image2053.jpg,Food
image1773.jpg,Food
image8434.jpg,Food
image6863.jpg,Attire
image2794.jpg,Attire
image5095.jpg,Food
image5230.jpg,Food
image1673.jpg,Attire
image10037.jpg,Attire
image5733.jpg,Food
image5842.jpg,Attire
image1142.jpg,Food
image10350.jpg,Attire
image2729.jpg,Food
image7474.jpg,Food
image10245.jpg,Food
image6040.jpg,Attire
image9140.jpg,Food
image725.jpg,Food
image9998.jpg,Food
image10777.jpg,Food
image2387.jpg,Food
image1519.jpg,Food
image153.jpg,Food
image1399.jpg,Food
image7666.jpg,Food
image8966.jpg,Food
image5319.jpg,Attire
image2049.jpg,Food
image4557.jpg,Food
image10009.jpg,Food
image9314.jpg,Food
image424.jpg,Food
image5046.jpg,Food
image514.jpg,Food
image8108.jpg,Food
image9121.jpg,Food
image1075.jpg,Food
image5481.jpg,Attire
image6528.jpg,Food
image668.jpg,Food
image9696.jpg,Food
image9799.jpg,Food
image3109.jpg,Food
image5671.jpg,Food
image8421.jpg,Food
image9878.jpg,Food
image312.jpg,Attire
image4628.jpg,Food
image10518.jpg,Food
image8398.jpg,Food
image5266.jpg,Food
image3551.jpg,Food
image9884.jpg,Food
image2912.jpg,Food
image8527.jpg,Food
image3876.jpg,Attire
image4650.jpg,Food
image8994.jpg,Attire
image6463.jpg,Food
image3319.jpg,Food
image7106.jpg,Food
image4473.jpg,Attire
image493.jpg,Food
image6981.jpg,Food
image2789.jpg,Food
image4892.jpg,Food
image8657.jpg,Food
image6182.jpg,Food
image2659.jpg,Food
image1503.jpg,Food
image9098.jpg,Food
image10330.jpg,Food
image5156.jpg,Food
image10770.jpg,Attire
image8291.jpg,Food
image3736.jpg,Food
image8853.jpg,Food
image1840.jpg,Food
image8349.jpg,Food
image10510.jpg,Food
image4674.jpg,Food
image5274.jpg,Food
image8645.jpg,Food
image10501.jpg,Food
image5675.jpg,Attire
image6847.jpg,Attire
image10124.jpg,Food
image5216.jpg,Food
image4308.jpg,Food
image2575.jpg,Food
image4207.jpg,Food
image2777.jpg,Food
image9220.jpg,Attire
image324.jpg,Food
image9942.jpg,Food
image6968.jpg,Food
image4184.jpg,Decorationandsignage
image8551.jpg,Attire
image7096.jpg,Attire
image819.jpg,Food
image8532.jpg,Food
image2391.jpg,Food
image9972.jpg,Food
image8177.jpg,Attire
image8688.jpg,Attire
image8473.jpg,Food
image7272.jpg,Food
image1960.jpg,Food
image2142.jpg,Food
image4031.jpg,Food
image10238.jpg,Food
image6130.jpg,Attire
image9352.jpg,Attire
image4866.jpg,Food
image8593.jpg,Food
image462.jpg,Food
image4156.jpg,Food
image4549.jpg,Food
image3648.jpg,Attire
image3550.jpg,Food
image9964.jpg,Attire
image2483.jpg,Food
image7371.jpg,Attire
image1613.jpg,Food
image7959.jpg,Food
image1625.jpg,Food
image3570.jpg,Attire
image9418.jpg,Food
image7132.jpg,Food
image572.jpg,Food
image5761.jpg,Food
image6255.jpg,Food
image1263.jpg,Food
image7421.jpg,Food
image2955.jpg,Food
image8675.jpg,Attire
image6670.jpg,Food
image4341.jpg,Food
image6399.jpg,Attire
image4680.jpg,Food
image5020.jpg,Food
image3177.jpg,Attire
image10024.jpg,Food
image2205.jpg,Food
image7142.jpg,Food
image10027.jpg,Food
image8485.jpg,Food
image2330.jpg,Food
image4337.jpg,Food
image10874.jpg,Food
image9219.jpg,Food
image5849.jpg,Food
image4889.jpg,Food
image10364.jpg,Attire
image9824.jpg,Attire
image6213.jpg,Food
image10429.jpg,Attire
image9453.jpg,Attire
image9411.jpg,Food
image9020.jpg,Food
image7827.jpg,Attire
image9405.jpg,Food
image9961.jpg,Food
image335.jpg,Food
image8174.jpg,Food
image4848.jpg,Food
image8733.jpg,Food
image367.jpg,Attire
image7015.jpg,Food
image9181.jpg,Food
image8199.jpg,Food
image3057.jpg,Food
image923.jpg,Food
image1716.jpg,Food
image10411.jpg,Attire
image8725.jpg,Food
image7559.jpg,Attire
image4717.jpg,Food
image4910.jpg,Food
image8921.jpg,Food
image4399.jpg,Food
image1245.jpg,Food
image9437.jpg,Attire
image2601.jpg,Food
image4074.jpg,Food
image7772.jpg,Attire
image5443.jpg,Food
image8150.jpg,Food
image1123.jpg,Food
image5048.jpg,Food
image10748.jpg,Food
image9978.jpg,Food
image5315.jpg,Food
image10552.jpg,Food
image7495.jpg,Attire
image1653.jpg,Food
image6025.jpg,Food
image5500.jpg,Attire
image6536.jpg,Food
image5533.jpg,Attire
image7445.jpg,Food
image10827.jpg,Food
image6231.jpg,Food
image4334.jpg,Attire
image9712.jpg,Food
image5588.jpg,Food
image215.jpg,Food
image2896.jpg,Food
image3480.jpg,Food
image10825.jpg,Food
image5316.jpg,Food
image1752.jpg,Food
image2461.jpg,Food
image1203.jpg,Food
image5949.jpg,Food
image1674.jpg,Food
image10169.jpg,Food
image9408.jpg,Food
image968.jpg,Food
image9509.jpg,Food
image6815.jpg,Food
image7408.jpg,Food
image5165.jpg,Food
image7825.jpg,Food
image2145.jpg,Food
image1828.jpg,Food
image3305.jpg,Attire
image8812.jpg,Food
image1984.jpg,Food
image1602.jpg,Food
image6071.jpg,Food
image458.jpg,Food
image1027.jpg,Food
image5188.jpg,Food
image2444.jpg,Food
image68.jpg,Food
image6285.jpg,Attire
image5724.jpg,Food
image6105.jpg,Attire
image1597.jpg,Food
image8430.jpg,Attire
image5024.jpg,Food
image5327.jpg,Attire
image8270.jpg,Food
image9258.jpg,Attire
image928.jpg,Food
image6449.jpg,Attire
image2175.jpg,Attire
image2427.jpg,Food
image4002.jpg,Food
image4827.jpg,Food
image4822.jpg,Food
image7859.jpg,Food
image866.jpg,Attire
image3500.jpg,Food
image5371.jpg,Food
image6501.jpg,Food
image6010.jpg,Attire
image9211.jpg,Food
image8395.jpg,Food
image3398.jpg,Food
image9111.jpg,Food
image6574.jpg,Attire
image10210.jpg,Food
image8052.jpg,Food
image9699.jpg,Food
image7660.jpg,Attire
image1642.jpg,Food
image7585.jpg,Food
image3056.jpg,Attire
image5968.jpg,Attire
image4377.jpg,Attire
image9006.jpg,Food
image3783.jpg,Food
image9191.jpg,Food
image3448.jpg,Food
image2848.jpg,Attire
image1056.jpg,Food
image3471.jpg,Food
image6132.jpg,Food
image6282.jpg,Food
image4651.jpg,Attire
image10159.jpg,Food
image7530.jpg,Food
image7383.jpg,Food
image2109.jpg,Attire
image7375.jpg,Attire
image10455.jpg,Food
image9493.jpg,Food
image9443.jpg,Food
image6697.jpg,Food
image3277.jpg,Food
image5101.jpg,Food
image298.jpg,Food
image9472.jpg,Food
image8193.jpg,Food
image5953.jpg,Food
image5546.jpg,Food
image1291.jpg,Attire
image1783.jpg,Food
image8646.jpg,Attire
image7107.jpg,Food
image884.jpg,Food
image8818.jpg,Food
image6624.jpg,Food
image6053.jpg,Attire
image5659.jpg,Food
image7067.jpg,Food
image2726.jpg,Food
image7317.jpg,Attire
image4895.jpg,Food
image8638.jpg,Attire
image1594.jpg,Food
image2597.jpg,Food
image6367.jpg,Food
image3591.jpg,Food
image9291.jpg,Food
image6907.jpg,Food
image10297.jpg,Attire
image9869.jpg,Food
image6497.jpg,Food
image5332.jpg,Attire
image3214.jpg,Food
image6704.jpg,Food
image2867.jpg,Food
image1439.jpg,Attire
image561.jpg,Food
image6177.jpg,Food
image5347.jpg,Food
image761.jpg,Food
image8910.jpg,Attire
image5527.jpg,Attire
image10747.jpg,Food
image7601.jpg,Food
image5539.jpg,Food
image7865.jpg,Food
image4921.jpg,Food
image4982.jpg,Food
image7254.jpg,Attire
image3444.jpg,Attire
image3610.jpg,Food
image6514.jpg,Food
image438.jpg,Food
image9299.jpg,Food
image9700.jpg,Food
image2349.jpg,Food
image7125.jpg,Food
image3440.jpg,Food
image8579.jpg,Food
image5478.jpg,Food
image1175.jpg,Food
image9565.jpg,Attire
image9678.jpg,Food
image6950.jpg,Food
image2135.jpg,Attire
image5542.jpg,Food
image2085.jpg,Attire
image3144.jpg,Food
image7206.jpg,Attire
image7228.jpg,Food
image5268.jpg,Food
image5351.jpg,Food
image1260.jpg,Attire
image7800.jpg,Food
image2888.jpg,Food
image10548.jpg,Food
image1108.jpg,Attire
image3352.jpg,Food
image1037.jpg,Food
image6934.jpg,Food
image8025.jpg,Food
image5754.jpg,Food
image7569.jpg,Food
image10327.jpg,Attire
image5493.jpg,Attire
image7967.jpg,Food
image9165.jpg,Food
image2757.jpg,Attire
image8095.jpg,Food
image4503.jpg,misc
image9580.jpg,Food
image3382.jpg,Food
image8709.jpg,Food
image3470.jpg,Food
image10884.jpg,Food
image3028.jpg,Food
image2221.jpg,Food
image2543.jpg,Food
image541.jpg,Attire
image1084.jpg,Food
image7458.jpg,Food
image7932.jpg,Attire
image9438.jpg,Food
image4332.jpg,Food
image4263.jpg,Food
image5437.jpg,Food
image2611.jpg,Food
image8404.jpg,Food
image5522.jpg,Food
image3168.jpg,Food
image2001.jpg,Attire
image4857.jpg,Food
image3047.jpg,Food
image7723.jpg,Attire
image5211.jpg,Food
image9970.jpg,Food
image5959.jpg,Attire
image4446.jpg,Attire
image171.jpg,Food
image3619.jpg,Food
image7050.jpg,Food
image10309.jpg,Attire
image10845.jpg,Food
image10342.jpg,Food
image7767.jpg,Food
image4923.jpg,Attire
image9072.jpg,Food
image1224.jpg,Attire
image4186.jpg,Food
image10821.jpg,Attire
image10450.jpg,Food
image5210.jpg,Food
image3283.jpg,Food
image10576.jpg,Food
image2739.jpg,Attire
image10067.jpg,Attire
image5502.jpg,Attire
image4331.jpg,Attire
image10081.jpg,Attire
image10810.jpg,Food
image5827.jpg,Food
image7616.jpg,Food
image1151.jpg,Food
image3237.jpg,Attire
image6357.jpg,Food
image4658.jpg,Food
image9793.jpg,Food
image5569.jpg,Food
image1120.jpg,Food
image505.jpg,Attire
image4345.jpg,Food
image6489.jpg,Attire
image2032.jpg,Attire
image1377.jpg,Food
image5537.jpg,Food
image2593.jpg,Food
image6475.jpg,Food
image5240.jpg,Food
image869.jpg,Food
image7277.jpg,Food
image569.jpg,Food
image9484.jpg,Food
image6179.jpg,Food
image2327.jpg,Food
image9236.jpg,Attire
image7428.jpg,Food
image8855.jpg,Food
image2684.jpg,Food
image2457.jpg,Attire
image6522.jpg,Food
image7099.jpg,Food
image5255.jpg,Food
image10145.jpg,Food
image1887.jpg,Food
image1375.jpg,Food
image10305.jpg,Food
image1072.jpg,Food
image7308.jpg,Food
image685.jpg,Food
image3536.jpg,Food
image178.jpg,Food
image3677.jpg,Food
image8599.jpg,Food
image8727.jpg,Food
image7215.jpg,Attire
image6028.jpg,Food
image271.jpg,Food
image10886.jpg,Food
image10858.jpg,Attire
image7001.jpg,Attire
image85.jpg,Food
image10756.jpg,Attire
image10768.jpg,Food
image8787.jpg,Attire
image511.jpg,Food
image4234.jpg,Food
image4527.jpg,Food
image362.jpg,Attire
image3021.jpg,Food
image8198.jpg,Food
image9892.jpg,Food
image9768.jpg,Attire
image3090.jpg,Food
image5832.jpg,Food
image10278.jpg,Food
image5609.jpg,Food
image7034.jpg,Attire
image7503.jpg,Food
image6848.jpg,Food
image8766.jpg,Food
image1059.jpg,Food
image2352.jpg,Attire
image6038.jpg,Food
image10669.jpg,Attire
image9708.jpg,Food
image2172.jpg,Food
image8273.jpg,Food
image10784.jpg,Food
image3402.jpg,Food
image6630.jpg,Attire
image2540.jpg,Attire
image7013.jpg,Food
image6332.jpg,Attire
image4032.jpg,Food
image1569.jpg,Attire
image3537.jpg,Food
image547.jpg,Food
image3106.jpg,Food
image7097.jpg,Food
image5535.jpg,Food
image8961.jpg,Food
image2641.jpg,Food
image4605.jpg,Food
image10151.jpg,Food
image6480.jpg,Food
image10317.jpg,Attire
image4706.jpg,Food
image8363.jpg,Food
image3600.jpg,Attire
image1767.jpg,Food
image9879.jpg,Food
image269.jpg,Food
image9530.jpg,Food
image451.jpg,Food
image7085.jpg,Food
image4749.jpg,Attire
image7137.jpg,Food
image2028.jpg,Food
image549.jpg,Attire
image1546.jpg,Food
image10744.jpg,Food
image9563.jpg,Attire
image6809.jpg,Food
image7267.jpg,Food
image8449.jpg,Food
image5769.jpg,Food
image5906.jpg,Food
image7218.jpg,Food
image10530.jpg,Attire
image10478.jpg,Food
image6037.jpg,Food
image8091.jpg,Attire
image10872.jpg,Food
image8789.jpg,Food
image9243.jpg,Food
image234.jpg,Attire
image8167.jpg,Food
image4646.jpg,Food
image2528.jpg,misc
image5838.jpg,Food
image1022.jpg,Food
image5445.jpg,Food
image10349.jpg,Food
image7072.jpg,Attire
image2138.jpg,Food
image3193.jpg,Food
image10436.jpg,Food
image10611.jpg,Food
image649.jpg,Attire
image1082.jpg,Attire
image8735.jpg,Food
image2276.jpg,Food
image745.jpg,Food
image6778.jpg,Food
image3978.jpg,Food
image4897.jpg,Food
image6050.jpg,Attire
image7033.jpg,Food
image10178.jpg,Food
image1497.jpg,Food
image2982.jpg,Food
image6582.jpg,Food
image355.jpg,Attire
image5136.jpg,Food
image652.jpg,Food
image10191.jpg,Food
image4514.jpg,Food
image1730.jpg,Food
image3349.jpg,Attire
image10115.jpg,Food
image3679.jpg,Food
image497.jpg,Attire
image9344.jpg,Food
image2475.jpg,Food
image8728.jpg,Food
image1287.jpg,Food
image7869.jpg,Attire
image7900.jpg,Food
image373.jpg,Food
image8881.jpg,Food
image4902.jpg,Food
image5826.jpg,Food
image9374.jpg,Food
image4199.jpg,Food
image9403.jpg,Food
image272.jpg,Food
image4104.jpg,Attire
image797.jpg,Attire
image10158.jpg,Attire
image4793.jpg,Food
image861.jpg,Food
image213.jpg,Food
image10583.jpg,Attire
image7177.jpg,Food
image10147.jpg,Food
image8058.jpg,Food
image10640.jpg,Food
image9025.jpg,Food
image3994.jpg,Food
image8935.jpg,Food
image7763.jpg,Food
image7609.jpg,Food
image5126.jpg,Food
image9066.jpg,Food
image6530.jpg,Food
image6957.jpg,Food
image1601.jpg,Attire
image2701.jpg,Food
image4185.jpg,Food
image513.jpg,Food
image4297.jpg,Food
image8432.jpg,Food
image6390.jpg,Food
image2134.jpg,Food
image1479.jpg,Food
image6914.jpg,Attire
image6081.jpg,Food
image4086.jpg,Food
image1736.jpg,Food
image7505.jpg,Food
image554.jpg,Food
image360.jpg,Food
image1544.jpg,Food
image2925.jpg,Food
image656.jpg,Food
image9465.jpg,Food
image1038.jpg,Attire
image9062.jpg,Food
image4759.jpg,Food
image6555.jpg,Attire
image2878.jpg,Attire
image5870.jpg,Food
image9897.jpg,Food
image7987.jpg,Attire
image8384.jpg,Food
image9442.jpg,Food
image3862.jpg,Food
image3260.jpg,Food
image6977.jpg,Food
image6378.jpg,Attire
image2566.jpg,Food
image3628.jpg,Attire
image1468.jpg,Attire
image9684.jpg,Food
image9240.jpg,Food
image4957.jpg,Food
image9944.jpg,Food
image5630.jpg,Food
image120.jpg,Food
image7993.jpg,Food
image8231.jpg,Food
image1535.jpg,Food
image8951.jpg,Attire
image6407.jpg,Food
image10410.jpg,Food
image8261.jpg,Food
image5450.jpg,Attire
image9511.jpg,Food
image2013.jpg,Food
image6364.jpg,Food
image9200.jpg,Food
image9153.jpg,Attire
image1220.jpg,Food
image7942.jpg,Food
image7603.jpg,Food
image1929.jpg,Attire
image5857.jpg,Attire
image2007.jpg,Food
image2146.jpg,Attire
image1588.jpg,Attire
image5337.jpg,Food
image3449.jpg,Attire
image3183.jpg,Attire
image5667.jpg,Food
image1332.jpg,Food
image4222.jpg,Food
image1486.jpg,Food
image10217.jpg,Food
image740.jpg,Food
image5705.jpg,Food
image8891.jpg,Food
image7362.jpg,Food
image1207.jpg,Food
image3019.jpg,Food
image2179.jpg,Attire
image1778.jpg,Food
image8587.jpg,Attire
image6910.jpg,Food
image9163.jpg,Food
image8867.jpg,Attire
image7905.jpg,Food
image3039.jpg,Food
image6617.jpg,Food
image7064.jpg,Food
image1731.jpg,Food
image2041.jpg,Food
image6070.jpg,Food
image3280.jpg,Food
image9958.jpg,Attire
image9293.jpg,Food
image10685.jpg,Food
image9945.jpg,Food
image9988.jpg,Food
image7306.jpg,Food
image2610.jpg,Food
image2627.jpg,Food
image6962.jpg,Food
image10012.jpg,Food
image4271.jpg,Food
image10008.jpg,Food
image3143.jpg,Food
image8429.jpg,Attire
image750.jpg,Food
image7940.jpg,Food
image8075.jpg,Food
image8684.jpg,Food
image10694.jpg,Food
image5173.jpg,Food
image5801.jpg,Food
image6963.jpg,Food
image1857.jpg,Attire
image10508.jpg,Food
image329.jpg,Food
image7339.jpg,Food
image280.jpg,Food
image4802.jpg,Food
image6429.jpg,Food
image5448.jpg,Food
image2570.jpg,Food
image10047.jpg,Food
image9594.jpg,Food
image5389.jpg,Food
image519.jpg,Attire
image2747.jpg,Food
image5112.jpg,Attire
image9653.jpg,Food
image4604.jpg,Food
image8714.jpg,Food
image9987.jpg,Food
image3337.jpg,Food
image416.jpg,Attire
image2675.jpg,Food
image8033.jpg,Food
image10623.jpg,Food
image2818.jpg,Food
image9368.jpg,Food
image5404.jpg,Food
image7731.jpg,Food
image6410.jpg,Food
image9882.jpg,Food
image7664.jpg,Food
image6243.jpg,Food
image784.jpg,Food
image141.jpg,Food
image10659.jpg,Attire
image5062.jpg,Food
image10596.jpg,Food
image9130.jpg,Food
image10570.jpg,Food
image4452.jpg,Attire
image1718.jpg,Attire
image9671.jpg,Food
image9913.jpg,Food
image1036.jpg,Food
image2650.jpg,Food
image1417.jpg,Food
image6265.jpg,Food
image5877.jpg,Food
image9656.jpg,Attire
image6333.jpg,Food
image3680.jpg,Food
image6075.jpg,Food
image8213.jpg,Attire
image1539.jpg,Food
image9969.jpg,Attire
image3870.jpg,Food
image1096.jpg,Food
image2951.jpg,Food
image7456.jpg,Food
image7111.jpg,Food
image148.jpg,Attire
image145.jpg,Food
image9260.jpg,Food
image7187.jpg,Food
image3828.jpg,Food
image10736.jpg,Attire
image9801.jpg,Food
image1872.jpg,Food
image7133.jpg,Food
image4630.jpg,Food
image1766.jpg,Attire
image9499.jpg,Food
image796.jpg,Food
image10850.jpg,Food
image7057.jpg,Food
image4335.jpg,Food
image10836.jpg,Food
image10363.jpg,Food
image7856.jpg,Attire
image256.jpg,Food
image6166.jpg,Food
image9701.jpg,Attire
image4967.jpg,Food
image7263.jpg,Food
image10307.jpg,Food
image1869.jpg,Food
image1193.jpg,Food
image3690.jpg,Food
image4932.jpg,Food
image1917.jpg,Food
image9837.jpg,Food
image6805.jpg,Attire
image5934.jpg,Food
image3126.jpg,Attire
image10360.jpg,Attire
image4961.jpg,Attire
image2338.jpg,Food
image7506.jpg,Food
image8924.jpg,Food
image8032.jpg,Food
image6122.jpg,Food
image2753.jpg,Food
image10046.jpg,Food
image10150.jpg,Attire
image388.jpg,Food
image2339.jpg,Food
image6156.jpg,Food
image10830.jpg,Attire
image4914.jpg,Food
image155.jpg,Attire
image10119.jpg,Food
image5572.jpg,Food
image9529.jpg,Food
image4461.jpg,Food
image9454.jpg,Food
image3544.jpg,Food
image2914.jpg,Food
image2738.jpg,Food
image2613.jpg,Food
image2856.jpg,Food
image9274.jpg,Food
image4442.jpg,Attire
image5119.jpg,Decorationandsignage
image8564.jpg,Food
image4836.jpg,Food
image1530.jpg,Food
image336.jpg,Attire
image7734.jpg,Food
image537.jpg,Food
image2448.jpg,Food
image1924.jpg,Food
image8569.jpg,Food
image8474.jpg,Food
image9538.jpg,Food
image1816.jpg,Food
image5943.jpg,Food
image1235.jpg,Food
image3141.jpg,Food
image4665.jpg,Food
image10691.jpg,Food
image2177.jpg,Food
image1978.jpg,Food
image8302.jpg,Food
image6005.jpg,Food
image4319.jpg,Food
image8222.jpg,Attire
image4968.jpg,Food
image6673.jpg,Food
image3442.jpg,Food
image8178.jpg,Food
image5367.jpg,Food
